headline,label
Wrecking to the nursing home ğŸ˜‚ğŸ¤£,0
If Hillary thinks itâ€™s problematic it must be good.,0
Is this true ,1
new poll has Trump at +7. The left's memes are colossally backfiring,0
A Miracle Indeed,1
The Democratic Party is Exploiting Black-Americans Again | Why Iâ€™m Officially American First And Voting Trump.,0
Brooo... You got to hand it to him. This guy really does not give up. ğŸ¤£,1
Pls ban gun.,-1
Remember when they're losing they'll change the rules. Toddlers. ,-1
Trump: â€œKamala Harris youâ€™re fired â€œ ğŸ”¥ğŸ˜,-1
Trump is the Matrix,0
Why Trump Picked J.D. Vance.,0
Old coworkers Despise trump and support biden?,0
Recognition,0
Kamala Harris is Hillary 2.0 - Lt. Col Buzz Patterson,0
Why can't the leftwing media agree on whether Trump is leading against Kamala or not?,1
Will Trump be able to prevent a Red/Blue civil war?,-1
Is it a common thing?,0
Kamala Voters,0
Biden Harris accomplishments. Fact checked !,0
Social Media Censorship,0
President Trump Delivers Remarks at Bitcoin Conference in Nashville - 7/...,0
Trump 2024,0
My opinion on Trump as a foreigner,0
She was always an Indian woman then all of a sudden she turned blackğŸ¤¡,0
Chris Farley already declared Democrats weird nearly 30 years ago,0
Purple Heart,0
Kamala Harris is the most liberal democratic nominee in U.S. History,0
"This is the region of Africa, where Kamals ancestors hail from",0
"You need to be registering your friends and family to vote. You would be absolutely f*ing shocked how many people want to vote, but donâ€™t wanna do the process.",0
Republicans and trump  is a cult. They have flags and signs all over their carsâ€¦,0
You like my signed MAGA hat? ,1
Harris is the ACTUAL current threat to Democracy. ,-1
Secret Service director resigns after admitting agency's failure to protect Trump,-1
Fuckin.... And? ,0
This is perfect ,1
this is how Reddit shadow ban you and make your experience horrible in this app.,-1
Please let us in. We are only a few hundred. A few hundred million.,1
Kamala Harris Announces Vice Presidential Pick,0
Vance Blasts Jennifer Aniston Disgusting  Thoughts  ,-1
The call into Kamala was fake. His address tonight proves it.,-1
I wanted to buy this photo for my husband.. but it was too expensive so I just painted it myself,0
Kamala Harris Considering if the boston bomber should have the right to vote and wanting to eliminate ice all together.,0
Got banned for life from sub â€œInteresting As Fuckâ€ for complementing Kamala,-1
My mom won't listen to me ,0
"My brother's tattoo of his 2 favorite US presidents, that he got just 3 days before the attempt on Trump's life.",1
Brain dead,-1
TDS fest,0
Kamala Facts,0
Washington earlier ,0
"Democrats committed an insurrection, a coup d'etat to remove the current President from power!",1
History Breaking Election! MAGA,0
It's This Bad.ğŸ‘ğŸ»ğŸ‘ğŸ¼ğŸ‘ğŸ¾,0
I really think Trump should pardon everyone one caught up in the Jan 6 protests on the first day in office. ,0
"Yea, we're the radicals trying to subvert democracy. ",0
What do we think of Vance being a closet commie? ,0
Trump/Harris debate,0
Live Look At The Current Political Climate,0
Makes sense. ,0
"Kari Lake sends message to ""bulletproof"" Donald Trump after primary win",1
Video: Map and Footage Expert Claims James Copenhaver Filmed the Rooftop Shooter Getting Killed â€“ But the Weird Part Is That Trump Is Still Speaking...,-1
Lmao. I canâ€™t freely post in this sub ,1
Hereâ€™s her stance on abortion,0
Media Hyping Kamala But What Did They Think Of Her Before?,0
Look what I bought,0
NO DEBATE?,-1
Anyone else believe this horseshit? I canâ€™t help but think itâ€™s all that actblue fraud ,-1
Does anybody know why social media is so far left?,0
Judge Rules Against MSNBC Host Rachel Maddow for False Statements - Different Hub,0
Now that Kamala isnâ€™t polling well- you think theyâ€™ll pick another candidate?,1
Kamala vs Trump: crypto platform,0
How would a place like New York or Los Angeles be like if they were a Republican state?,1
"Help me, a millenial understand.",1
Harris: I never said defund the police: CNN: Here is Kamala saying defund the police. ,0
She's going to reach and surpass levels of retardation that previously could not have been imagined.,0
The enemie is within. ,0
This is Amazing,1
Do you approve of the covid checks Trump saved us with?,1
"With her resignation, does this mean we wonâ€™t see her on the stand again?",-1
Crazy woman threatens to destroy family because husband votes for Trump,-1
I had an ex-girlfriend get an abortion after she was two weeks pregnant with our baby; can I support Trump still?,1
Trump pulling in massive crowds,0
I got a Camera ğŸ˜‰ğŸ‡ºğŸ‡¸ğŸ˜‰,0
Time-lapse of my Trump charcoal drawing. Fight!,-1
[Off Topic] I made Trump Shirts any feedback would be nice,1
This series of messages needs more attention because of its importance ,1
Kamalanomics is Bidenomics,0
"Worst V.P in History, Kamala Harris ğŸ¤¡",-1
"Trump leads 50%-43%, no Harris bump",-1
TRUMP: â€œI didn't know she was black until a couple of years ago. She happened to turn blackâ€ - In reference to Kamala Harris at the Chicago conference ,0
Harrisburg was packed last night!,0
Trumpamania,0
"""You haven't been to the boarder."" ""I haven't been to Europe either."" ğŸ˜³ğŸ˜³ğŸ˜³",0
Didn't see this coming. BLM turning on Kamala,0
Trumps Thoughts on the Olympics Opening Performance,0
Thereâ€™s so many normal everyday people that genuinely think when he said â€œfixedâ€ he wasnâ€™t talking about the country itself.  How do you get to people that he doesnâ€™t?,0
I support Trump yet I'm not even in the U.S.,1
Best t shirt,1
Wouldn't be her first time edging someone,0
This campaign can't be about Kamala. Listen.,0
Donald Trump - Clip from every year from 1980 to 2024,0
Faith restored by realising GenZ are awake to the bullshit - Read the comments! ,0
"Trump Walks out to 50 Cent ""Many Men"" ",0
The Liberal Left Call Us (republicansğŸ˜)Racist And Then Swear They Arenâ€™t Racist  theses asses man  ğŸ«,-1
Did my whisper come off as Anti-America?,0
This is my guy!,0
Welcome to kumalot,1
Do you guys think Trump can win with Kamala as the new candidate?,1
David Hogg.â¤ï¸ See you there.,0
"Viral Comedy Song  ""Kamala Cuckoo Cocktail""",1
What a complete garbage human being.,0
Who believes she's a breath of fresh air.,1
Somehow not surprised by Google...,0
2024 General Election: Trump vs. Harris Polls | RealClearPolling,0
"Do you think Kamala has the same boss as Joe? Who is pulling the strings? I blame COVID for the stolen election. COVID was made in a Chinese lab, so did China intentionally used COVID to get Trump out of power?",-1
"Definitely a true story, why don't you believe it?",1
SWAT â€œNo Communication with the Secret Serviceâ€ until Donald Trump was already shot..,0
"What do you think of Trump's Space Force, Artemis Accords, Abraham Accords, and Kim Jong Un willing to communicate with Trump?",0
FACTS! ,0
The FBI On Trumps Attempted Assassination,-1
"Trump,First Black President hoodies",0
Issue of Race Identity and Cat Ladies,0
Where do we stand on the latest officer shooting?,0
I am crossing the Rubicon and backing the Republican Party and President Trump.,1
Allan Lichtman is predicting Trump will likely lose,-1
Black Lives Matter demands Snap Primary âŒâœŠğŸ¿ğŸ›‘âœ‹ğŸ¿ğŸš«,0
My generation being stupid again. lol What else is new?,0
2016 all over again!!,0
KAMALA: CAN SHE USE THE WOKE COMMUNITY TO TWIRL THE SWNG STATES?,0
 Immigration through unlawful means ,0
Chat GPT thinks America should open its border.,0
Retired Chicago cop who exposed Jussie Smollett hoax warns voters about Kamala Harris,-1
Netanyahu Speach,0
The Dukes of MAGA ğŸ‡ºğŸ‡¸,0
"Heâ€™s got a point there , the Kamala push is entirely generated by news media.  Nothing has changed for her ",0
The truth is ,1
Why Is This Okay? Will Trump put a stop to this?,0
"Just watched the Trump trailer, he's got my vote!",0
Is Reddit silencing us?,0
God I hope she doesnâ€™t get elected ğŸ˜®â€ğŸ’¨,1
"Democrats hail Democracy, just for them to disregard it.",-1
I love this picture,1
Following the trend of being weird ğŸ¤£,0
"I asked ChatGPT if there really was an assassination on Donald Trump's life in Butler, PA ... the results.",-1
The issue with the 13 keys,0
"John P. Kee on Instagram: ""This canâ€™t be real! But it is! â€Just This Timeâ€??? ğŸ¤”ğŸ¤”ğŸ¤”""",0
Ben Shapiro just tweeted: ,0
"If Trump loses, it wonâ€™t be election fraud. Itâ€™ll be JD Vance. ",-1
A true gentleman. ,1
BREAKING: Leaked Messages Between Countersnipers Reveal They Were Aware of Thomas Crooks 90 Minutes Before Trump Was Nearly Assassinated â€“ Includes Screenshots,-1
Will there be an election??,0
"Donald Trump: ""I don't want to be president"" -  entire 1987 CNN interview (Larry King Live)",0
heartbreaking Angela Carini fought for dad in olympics but was forced to...,-1
Got a better nickname for Kamala,1
Still in disbelief ,0
This guy works in the tech industry.  He had many posts that might link him to his employer that I saw before he blocked me.  Do your thing:,-1
Dems trying to threaten you now.,-1
"Please do not let all these politics get in between your family, the love and trust between your family is more important than anything.",1
The differences between Democrats and Republicans voters.,0
A lot of fake media buzz around Kamala. There is no chance in hell. ,-1
I donâ€™t remember republicans spray painting MAGA on the capital on Jan 6th do you guys remember that?,0
"Whatever Kamala is doing is not right, the people deserve to know if the president is dead or alive. This is NOT right.",-1
Trump has been losing confidence in betting houses in an accelerated way. What do you think Trump campaign has been doing wrong?,-1
"Imagine that you are Vladimir Putin, and this is the person that has come to negotiate a deal on Ukraine. What would you say to her?",0
"The Genuis behind the Harris campaigns ""record breaking"" donation numbers",0
Question: What if trump had died that day on July 13th? ,-1
The Last Supper = The Last Olympics? Opening Ceremony Sparks Boycott and Debate,-1
If you don't vote for me you ain't black. ,0
Its a leftist rerun!,0
"In your opinion, will JD Vance bring down Trumps hopes for 2024 ?",1
Iran â€˜trying to sabotage Donald Trumpâ€™s presidential campaignâ€™,-1
Change my Mind. ,0
Trump's real opponent is the media and Google.,0
DJT - The Realest G ,0
Chat GPT is liberal propaganda,-1
The democrats ,0
Why Trump Will CRUSH Kamala Harris in the General Election | StateOfDaniel,-1
JD is a Zynbabwean. Iâ€™m back in,0
"Im Swiss Supporter this is our News ...""FBI Chief Expresses Doubts, Was Donald Trump (78) really hit by a bullet? Investigations into the incident on July 13 are ongoing. The FBI is examining projectile fragments found in Pennsylvania near the podium and is facing hostility from Republican circles.""",-1
Kamala Harris had better not blow this ,1
Genetics mean nothing if your a Democrat. ,0
Trump2024!,0
Putin's Remarks on Trump and the Ukraine War,-1
Scary to think Kamala has a chance to win.,1
2024 General Election: Trump vs. Harris vs. Kennedy vs. Stein vs. West,0
After the assassination attempt ,-1
Why didnâ€™t Trump end the Deep State in his first term?,0
Help Trump,1
Latest markets: Trump beats Kamala 2 to 1. ,0
Associate narrative designer of Marvel Black Panther explains why she doesnâ€™t hire white people,1
Stop Trumpâ€™s Project 2025 Rally!,-1
Pics Subreddit is Showing its Agenda and Desperation ,-1
The FBI and Secret Service have entered the chat. ,0
College Student Has His Eyes Opened,0
Suck harder,-1
What does Trump mean when he says heâ€™ll grant immunity to police?,1
Question,0
Kamala Harris rally in Florida has a massive turnout! Republicans are scared! The momentum is real!,-1
https://amp.cnn.com/cnn/2019/08/28/politics/joe-biden-potential-vp-pick,0
Buh Bye Google,0
Where are all these 'Trump wants to change VP pick' people getting their info?,0
What About Judge Merchan ?,0
God almighty. I will vote for trump even though I am not a fan: He did NOT say there would be no more elections. ğŸ¤¦â€â™‚ï¸ ,-1
Shirts to SCARE the Woke Mob,-1
Bish you missed! ,-1
The Brett kavanaugh hearing is still nonsensical till this day,0
The libtards are such hypocrites!! Trump 2024ğŸ‡ºğŸ‡¸ğŸ‡ºğŸ‡¸ğŸ‡ºğŸ‡¸,0
Went to the rally in St. Cloud yesterday.,0
"Air traffic controller says a prayer from the bible, number 6:24-26 over ""Trump Force One"" as he departs to the sky",0
Reddit is suppressing us. We need a better platform.,1
How do i vote? (For Trump),0
Going to my first Trump rally how early must I show up?,0
Alex Jones (@RealAlexJones) on X BREAKING VIDEO: Trump Warns Globalists Planning To Depopulate Humanity,0
But hogans shirt rip at the RNC was a big deal? ğŸ¤¡ ,0
New Ad Dropped For Kamala Harris,0
Fight,-1
Prepare yourselves.,0
40+ Sick At Trump's First PA Rally After Assassination Attempt: Officials,-1
"Iâ€™m in shock but not surprised at the hive mind liberals of the past 14 years. Itâ€™s like they all have telepathy, itâ€™s so weird. ",-1
Asians can no longer depend on the US police department for protection and we have to do it ourselves! Trump couldnâ€™t get here any sooner! ,-1
Large Trump sign for yard,0
Words of wisdom from Kamala ğŸ˜‚,1
"Trump, inflation, and the national debt",-1
Crypto libertarians and Silicon Valley billionaires: The mashup fueling new support for Trump,1
"(Babylon bee), Harris locks down white liberal female vote by being drunk and intolerable",-1
The NPCs and bots are out in full force. ,0
When does being transgender equal get out of jail free card?,1
Stolen Elections have Consequences. Remember this in November my friends.,0
"Trump Campaign Cancels September Debate with Kamala Harris, Offers Strong Justification - Different Hub",1
Three ways Trump will try to end the Harris honeymoon,0
proof our republic is a secular one. based on the facts. / q.,0
"Trump at Bitcoin 2024: Vows to Make US the Bitcoin Superpower, Plans to Fire SEC Chair Gensler â€“ Bitcoin News",-1
Literally every liberal comment section right now,0
Where does all of this fear come from?,-1
My mom uses sentimentality to have me vote Kamala when my sole reason to vote Trump is to stop the war in Ukraine,-1
The REAL Trump Agenda,0
Are you guys genuinely not worried after the Dems nominee swap?,1
How did I do?,0
They're fighting for democracy.. lmao,1
RIP Corey Comperatore.  Lived and died an American hero!,0
Who shot me? But ya punks didnâ€™t finish Now ya â€˜bout to feel the wrath of a menace,-1
What time to arrive at Trump rally?,0
Liberals are the real weird ones.,0
I live in constant fear that Trump will deport my Latina mother-in-law,-1
Charlotte Rally,0
"Trump is really in trouble when Kamala Harris hits the campaign Trail in earnest, I think we have all forgotten what a powerful Dynamic speaker she is ğŸ˜‚",1
Now she needs lying rhetoric to get elected. ğŸ¤¡ ,-1
"Kamala-Dolezal, 2024",0
Trump's Bitcoin-Themed Sneakers Hit eBay,0
Racistâ€¦ lol,1
I guess this is what happens to France after 200 years of godless libertarianism,0
Woman are not happy with Trump,-1
"The 2024 Paris Olympic opening is the perfect allegory of the U.S, if  Harris wins.",1
White dudes for Harris ,0
Abrain | A Pharmaceutical Commercial Parody,0
Want a good laugh?,1
"Ted Nugent's Donald Trump message goes viralâ€”""I'm not insane""",1
Saw one similar and had to try,0
The Real Harris,0
Vote Blue bumper stickers,0
"Googles top search result for ""trump rally""",1
Us Trump supporters are more concerned if Biden is alive or not than these DEMONcRATS,1
BREAKING: The Amount of Donations Donald Trump Raised at the Bitcoin Conference Revealed - Bitcoin Sistemi,0
"Just curious, where do you guys get your news from?",1
Kamala s Minnesota Freedom Fund,1
Reddit is working overtime with anti-trump content and bots are in overdrive. ,0
Register to vote online today,0
Anyone else seeing a parallel? ,0
Question on Campaign Donations - FEC website lists the max donation for Individuals to a Candidate as $3300; Kamala donors maxing out at $6600?,0
Superhero Trump!,0
"Just so you know, the national debt is on track to be $35 Trillion",-1
Pooty Tooty Kama Rooty,0
Trump black maga lets 2024,0
Stay woke ,0
Video Mash up of all of Kamala's Best Moments,1
All the fuzz about JD Vance's three years old comment about cat ladies is a distraction,-1
Harris will be made POTUS,0
Reading the news I noticed. â˜­ Definately a Czar.ğŸ˜‚,0
People are Awakening,0
Definitely worried,0
Not only did they chase the man who tried to save the flag..they did that...noise thing..the terror sound with their tongues.,0
Did Joe Biden Actually Resign Or Are We Witnessing A Coup?,-1
God Bless the USA 40th anniversary PF70 Silver 1oz Signed by Lee Greenwood 1/400,1
Register to vote before the deadline!,0
Funny how Democrats are supporting the same person they neglected in the 2020 primaryâ€¦,1
Kamala - Indian or Black,0
They're all from San Francisco? That explains a lot. ğŸ¥‡ğŸ¥ˆğŸ¥‰,0
Democrats vs DJT,0
"ğŸ˜‚ğŸ˜‚ for the dems, look at you and then look at us",0
Kamala unveils a new accent in Atlantaâ€¦ Must watch ğŸ˜…,0
First time at a Trump rally! The crowd was huge.,1
Trump is weird ,0
I just had to share this. ,1
Left Using Tricks to Sway You,0
Democrats are supposed to be the ones respecting people and stuff right..?,1
Raising a proud American daughter,1
The left REALLY don't like me at the moment ğŸ˜,-1
Right...,0
wtf is this,-1
Had my 1st negative experience today,-1
ByeBye Obama and Kamala - AI Generated Song (Trump 2024),0
LMAO. Lmfao. ,1
I see David Hogg. He's everywhere. Watched this movie and I noticed...ğŸ“½ï¸ğŸï¸ğŸ¬,0
Trump Campaign Manager Reveals Kamala Harrisâ€™ Likely Running Mate - Different Hub,0
How crazy are these people??,-1
Orange is the new black ,0
JD Vance Blasts Kamala Harris for Questioning His Loyalty: â€˜What Have You Done?â€™,1
[ Removed by Reddit ],0
Donald Trumpâ€™s Policies Compared with Project 2025 in A Handy Chart,0
Trump vs Harris: Kamala's Impeachment Proceedings ,0
Google definitely is shady ,1
Kamala Harris vs Donald Trump,0
Funny chart,1
I honestly canâ€™t believe this â€¦. Even AI is biased ,1
Google has no autofill results for the assassination attempt of Trump,-1
Kamala just turned black.,0
Trump is such a badass. I love that man. ğŸ‡ºğŸ‡¸,1
Conservative ideals being downvoted,1
When I went to shooters world Florida ,0
What does Trump think about the sanctity of marriage?,0
"US military detects, intercepts Russian fighter jets, 2 Chinese H-6 bombers prior to Biden's address",0
Protect the elderly. They send ppl to every nursing home  forcing them to vote when many donâ€™t even know what day it is. ,1
Netflix exec endorses Kamala ğŸ™„,1
Vote for Trump if â€¦ ,0
People are accusing Trump of stealing a journalists water bottle and tightening the lid while answering questions at the African American journalist q and a,-1
Orc Dudes for Harris.ğŸ§™ğŸ¼â€â™‚ï¸,0
Some People.ğŸ‘©ğŸ½ğŸ‘©ğŸ¾ğŸ‘©ğŸ¿,0
Is anyone curious about the number of Crimes committed by illegals from Trump administration to now?,1
"""The biggest thing..."" The delusion is something else.",0
The truth is.,1
Kamala Harris was only receiving 4% of the Democrat's votes in the final 2 months of her campaign; how could she win??? Statistics would indicate its not possible.,1
"In 100 days, we will Make America Great Again!",1
Why Kamala or any other Dem will lose ,-1
Changing the Titanic's captain doesn't alter its course,0
"Hey Big Media, Times Up ^_^",0
Trump Supporter - Validation,1
Is this true?,1
Banned for saying Harris is Indian,-1
Trump said we donâ€™t need more votes,0
I got banned by socialists,-1
Is every Reddit group anti Trump besides this one? ,-1
Did a Liberal write Trumps Wikipedia page?,0
Everything You Need To Know About Kamala Harris,0
The only force strong enough to save our country from the corrupt political establishment is us.,1
Kamalaâ€™s statement on trumpâ€™s promise to end democracy ,1
The difference is clear ,1
TRUMPâ€¦TRUMP..TRUMPâ€¦FIGHT..FIGHTâ€¦FIGHTâ€¦!!! ğŸ‡ºğŸ‡¸ğŸ‡ºğŸ‡¸ğŸ‡ºğŸ‡¸ğŸ’ªğŸ»âœŠ,0
This should be Trumpâ€™s future house speaker ,0
"Man, y'all, that is a strong black family. Now I get why the black community is supporting her. ğŸ¤”",1
Another trump poll on X im noticing a pattern ğŸ˜‚,0
These people can't be real,0
Liberal caught placing shit on Trump fans property,-1
"I Respect Trump as a Businessman, and a Leader.",1
Wanted to share with everyone a list of the independent journalists I use to stay informed. Hopefully sharing this can help them get more supporters. I feel like it is most important to support independent journalists to help break away from main stream media.,1
Will Trump lower the price of groceries?,-1
"Harris questioned Vance's American loyalty, Vance fires back, ""What the hell have you done?""",-1
Trump Rally and itâ€™s pouring out!,0
Serves her right!,0
Iâ€™m cackling. The fact checked + corrected information was even more collateral to the democrats than the original.,1
Dukes of MAGA,0
AI has been trained on woke information,0
"David Harris Jr on Instagram: ""Wow!!! So much for that argument! Great job @1antondaniels ğŸ”¥ And thatâ€™s exactly what they hope we doâ€¦ not look at policy or character, but look at the color of the individualâ€¦ Not again!""",1
Trump Praises Staffer Who Displayed Chart Moments Before Assassination Attempt: â€˜She Saved My Lifeâ€™ - M10News,1
Differences between Trump supporters and Kamala supporters,1
God vs the Devil,-1
Who do we want Cacklin Kamalaâ€™s VP pick to be?,0
Sums it up well,1
Trump knew about the Biden 'Coup',0
I think Mike Tyson scared them so bad they Voted for Trump After this interview ğŸ˜‚,-1
Quite an opinion piece! (link in first comment),0
"NEW VIDEO: Previously Confiscated by FBI, Shows Police Alarmed by Shooter on Rooftop for a Long Period - Appears to Show Possible Second Shooter in Window Below Would-Be Trump Assassin",-1
"My brother made an edit on Trump, check it out!",0
Donald Trump leads Kamala Harris by two points in Times poll,0
Venezuelan Protest Turning Violent After Controversial Reelection of Maduro. Will we see something similar this election?,-1
What if Trump grabbed his SSâ€™s rifle and started firing back at the shooter?,-1
Feels like different protocols for different people,1
Itâ€™s Time to Obliterate the Deepstate,-1
Does anyone else think this might be a scam or am I crazy,-1
Makes me really sad to see how universally loved Trump was before he went into politics. Difference of opinion really do be driving people mad,-1
Come on Google! ,0
The enemy is within ,-1
Can we get up-trump buttons with build the wall animations like in the old days?,1
How is this not straight up propaganda by this polling company? ,0
These people will believe anything as long as it makes Trump look bad,-1
Trump To Hold First Pennsylvania Rally Since Assassination Attempt,-1
"The newly surfaced texts show that authorities knew about the suspicious person, later identified as Crooks, close to 90 min. b4 the shooting â€“ updating the previous known time of about 60 min. By 6:11 p.m., approximately 1 hr after the last text message was sent, the ""kid"" would be killed.",-1
"Going to the St. Cloud rally, advice?",0
Some thoughts and why Iâ€™m voting for Trump over others,0
Trump movie or documentary?,0
Help me convince my uncle,1
Trump didn't always have a killer instinct,1
Lil Ts,0
"Trump Leads Harris in Battleground States, New Poll Reveals",-1
Damn. Iâ€™m a republican nowâ€¦,-1
Will Trump make Volodymyr Zelenskyy pay back all the money he's stolen from us? ,-1
Watch The Media Caught Blatantly Making Up What They Said About Kamala. ,0
Amish Folk Know Whatâ€™s Up!,0
Deep State Conspiracy:Iran and the deep state motives,0
Watch: Trump Boat Parade at Smith Mountain Lake in Virginia | TRUMP FLOTILLA,0
Serious questionâ€¦ please shed some light on this for meâ€¦,1
Trump,0
If I had to make a comparison ğŸ˜‚,0
The Democrats are walking HYPOCRITES,0
Republicans/MAGA should not get complacent,0
Which is Scarier?,0
"Netanyahu meets with Trump at Mar-a-Lago, offering measured optimism on a Gaza cease-fire",1
Trust me bro it's different ,1
Most of Kamalaâ€™s donations (from individuals) have come from â€œNot employedâ€ and â€œRetiredâ€,0
MINNESOTAâ€”SUMMER OF 2020,0
Democrats with brains are waking up,0
Here's a fun what if question. Where do you think the country would be if Donald Trump won the 2000 election? How do you think he would've handled 9/11? Do you think 9/11 would've even taken place if he was Prez? ,1
Leader of Mexico's Sinaloa drug cartel arrested in Texas,-1
Now the Reddit algorithm against Trump is so obvious,0
Kamala Harrisâ€™s Zooms,0
This really what the left thinks ,0
When will Reddit change their name to Blueit?,0
The Dukes of MAGA,0
White Dudes for Harris ğŸš«ğŸ‘¨ğŸ¿â€ğŸ¦±ğŸš« All Are Welcome ,1
Clear Ear Image,1
Do you think the assassination attempt against Trump failed because of divine intervention or the Immigration chart that he turned to look at? Because we all know it wasn't from the DEI Secret Service.,-1
Have we seen a pic of his ear wound? ,0
Meet San Francisco Radical Kamala Harris,0
They accuse right wingers of conspiracy theories but they at least make sense and often come true - theirs do not,1
Kamalah will certify her own election.,0
How do you think Kamala will do?,0
He shouldâ€™ve picked Tulsi,0
Kamala Harris is a threat to democracy,-1
Trump took a bullet for America. I'm going to start with sacrificing all my fake Reddit points.,-1
Accidentally donated twiceâ€¦ oh well. ğŸ˜ğŸ‡ºğŸ‡¸,0
"Funny how Biden is #1 Trending on Reddit for his presidential withdrawal, but on the day Trump was almost assassinated he didnâ€™t even make it on the list.  Itâ€™s obvious theyâ€™re trying to censor us all. ",-1
INSANE New Angle of Trump Assassination Attempt Released â€“ What Do You Notice?,-1
500 communists marching in Philadelphia yesterday,0
The Congressional Roast of Former Secret Service Director Kimberly Cheatle - Highlights Package!,0
Kamalaâ€™s Ads paid for by Biden Victory Fund. ,0
Banned for exposing manipulation. ,-1
"Trump on ""Trump Force One""",0
Reddit News feed,0
Dem Dad at it again.,0
Donâ€™t forget to cancel Netflixâ€¦,-1
second shooter?,0
"It makes no Difference, what say you. ",-1
Register to vote!,0
Thank You Joe,1
Obama in a skirt. ,0
"the comments are so braindead, people asking for proof when she *wasnt black* uh shes indian... ofc she will look darker skinned. these subs trying to post younger kamala to cope cause yeah pretty women... ofc woman can be pretty but doesnt change kamalas dad being a marxist",1
Reminder to register to vote.,0
Trump Rally ,0
"Trump â€˜Rapidly Recoveringâ€™ After Pennsylvania Shooting, Ex-White House Doctor Claims",0
Notice how the media didn't report on what the pro palestine people were doing to the capitol like they did on J6?,1
Screenshots: Another Serious Public Threat on Trumpâ€™s Life: 19-Year-Old 'Upcoming Journalist' Says She 'Not Gone Miss' â€” But That's Not the Worst Part,1
Michael Rapaport has woken up!,0
Kinda goes hard,0
Kamala Harris care more about illegal Aliens than AmericansğŸ¤¦ğŸ¼â€â™‚ï¸,0
"The New York Times: Now Facing Harris, Trump Backs Off Commitment to Debate in September",1
Photo to be signed by trump,0
Let's goooooo,0
Can even win over her own state with the things shes done. Not to mention what she hasnt done with our border.,1
What they're really afraid of. ğŸï¸ğŸ’¨,0
Any minorities for Trump?,0
Serious Question: polls,0
Rally Day For Trump!!,0
Not much except worrying over Kamala vs Trump results...,1
Is Kamala Suggesting Communism? ,0
America will be respected once again! ,1
Vance rips Harris for questioning his loyalty to America: 'What the hell have you done?',-1
Why are tech companies left leaning? Whatâ€™s in it for them?,0
4th time i blocked this trouser suckers Add today.,-1
King Of The Hill Predicted Trump Assassination Attempt ,-1
The Biden Coup and the Harris Backfire | RealClearPolitics,0
Amazing how much security Barron Trump had in his high school,1
Kamala Harris owns Bidenomics,0
Iâ€™m Not With Her,0
The only reason people are voting for Kamala is because she is not Trump.. what a reason,0
Kamala Harris wants to give illegal migrant criminals American citizenship,-1
U.S. Secret Service Recommends No Outdoor Rallies for Donald Trump Following Assassination Attempt,-1
I thought this was so funny as a gta5 player.,1
Trump shuts down race-baiting reporter at the NABJ conference in Chicago,0
Pepperidge Farm Remembers,0
I laugh every time I watch this ,1
The Truth about Kamala Harris using Megan & Quavo to get V0TESâ€¼ï¸ğŸ˜®,1
India?!,0
Word of advice for MAGA....,0
Should I vote Trump because he helped my family during covid with stimulus checks?,0
Liberals donâ€™t understand waking up early ,0
"Trump will fix everything!!! 
",0
Donald Trump Vows to Keep Men Out of Womenâ€™s Sports Amid Olympic Boxing Controversy; Kamala Harris Remains Silent,0
Emerson Poll: Trump Edges Harris in 4 Swing states,0
I made a Trump shirt feel free to check it out,1
"Netflix just donated $7,000,000 to Kamala Harris and the left. Letâ€™s let them know we do not support this by canceling our Netflix subscriptions.",-1
Kamala - older photos found,0
No way this lady isnâ€™t constantly drunk,-1
Average Kamala Harris Supporter,1
Sips tea,0
Hobbits for Harris ,0
"Sen. J.D. Vance Addresses ""Childless Cat Ladies"" Remark and Calls Out ""Anti-Family"" Democrats",0
What did Trump mean when he said you won't have to vote again?,0
Is Kamala hiring a white guy as vice president DEI?,0
Save Our Children!,1
Official message from Trump,0
"BeyoncÃ©: ""All the single ladies!""",0
"We got this, right?",0
Hypocrites!,0
From DC_Draino,0
Even BLM thinks this is wrong ,-1
"Donald Trump says it's ""time to sue"" Jack Smith",0
Feel free to come join. Need more patriot strong holds on this app. #1 rule is dont be a liberal. ğŸ˜‚,1
What Donald Trump is doing wrong,-1
Thank goodness....,1
Nope or Dope?,0
ğŸ˜‚ğŸ˜‚ what an election. Just give Trump the W,0
"Media claims she's who, what say you.",0
Trump for Humanity,0
ğŸš¨ğŸš¨SOUND THE FUCKING ALARMğŸš¨ğŸš¨,0
"Am I the only one who thinks the Bidens, Kamala Harris and Kim Cheatle were ALL involved in the Assignation attempt?",0
Imagine being triggered by the National Anthem ğŸ¤¦,0
Donald J. Trump - Wharton Business School (1968),0
What if Kamala chooses Mark Kelly as a DEI hire?,0
So inspirational,1
People talking about T-shirts lately. Where can I get this one?,0
"I wanted to support Trump, but as an anchor baby myself, how should I proceed if yall want to end birthright citizenship?",1
Your thoughts ğŸ’­ #funny #memes #viral #duet#alphamale,0
See a lot of Trump bashing posts on here by supposed Trumpers ,0
Watch this. Beautiful speech from Tucker at the end. ,1
"The Pentagon ""accidentally""  paid Zelensky $6.2 BILLION. It was ""an accounting error""... apparently. Americans are struggling to pay rent, healthcare, etc...but who's listening to them?",-1
Seems like the liberals really are the anti-Americans,1
President Finally gives a quitting speech and can barely get through the 80 seconds ,0
The world is relying on a Trump win.,1
Andy Ogles (TN-5) Files articles of impeachment against Kamala Harris.,0
Kamala,0
It's Already Begun. Google manipulation.,-1
"Tucker Carlson Tonight: JD Vance - The US is being run by ""childless cat ladies""",0
"""JD Vance is weird""",0
tiktok users are actually braindead,0
Harris History isn't Forgotten ,0
New Trump Ad I Just Made ,0
Kamala Harris is a complete failure as border czar,-1
Harrisburg,0
Last Dem Dad post...,0
"Trump Unveils Plans for US Bitcoin Stockpile at Bitcoin 2024 Conference - Vows to make the US a ""Bitcoin superpower""",0
Can I Break 50 With President Donald Trump?,0
Why Trump choose Vance,0
This guy is trying to do a new poll expecting a different result. Pretty sure that would be clasified under the definition of insanity. ,1
do we have a trump discord server?,-1
Trump is blacker than Harris.,0
Do you guys think if Trump won that it would be to late to stop World War III?,-1
I made some Trump Shirts feel free to purchase,1
TRUMP 2024 STICKER WEEKEND AT BIDEN'S DECAL BUMPER ELECTION 5.5-INCH BY 4.8-INCH,0
Turn it around on them. Iâ€™m voting for the â€œweirdoâ€,0
White dudes!,0
Opinion ,0
Judge Joe Brown : How did Kamala Harris Become Black ??,0
KamalaHarris subreddit ,0
"""Your Agency Outsmarted By a 20yr Old""",0
no sloped roofs allowed,-1
Satanic Fake Feminist Pedophile Witches are all the same! ,-1
"Dear Trump supporters: You were right , I was wrong.",1
Perfect mug for the liberal guestsğŸ’€,1
Is anyone going to preorder Melania's memoir?,0
Trumpâ€™s Legal Adviser Alina Habba Accuses Kamala Harris of â€˜Committing a Crimeâ€™ by Covering Up Bidenâ€™s Health - M10News,-1
TRUMP SIGNğŸ¦…ğŸ‡ºğŸ‡¸,0
An Oldie - The World's Greatest Troll: the Humor of Donald Trump,1
This should be enough to scare you! ,-1
Kicked out Frenchbulldogs,0
"Obama doesnâ€™t believe Kamala Harris can beat Trump, which is why he hasnâ€™t endorsed her: sources",1
I Can't Believe We Don't Even Hear About This Movie Anymore.,0
Kinda worried about J.D Vance.,-1
They wish they could hide from the facts.,1
Venezuelan Criminals Purposefully Sent To The U.S.,-1
"I donâ€™t think 78 is too old, its at least younger than Biden. My almost 80year old grandfather is so capable of many things, although i wish every seniors including Trump to retire and enjoy their last years with sunny beaches and palm trees ğŸŒ´ğŸ¥¥",1
"Trump Ad, Featuring Harris",0
Well......not watching thr Olympics this year. ,0
Save America in November ,1
When will it stop?!ğŸ›‘ ,0
Money laundering for the Kamala campaign,0
Cackling Kamala,0
FriendsofThePod,0
"Venezuela's President Maduro says there will be a â€œbloodbathâ€ if he's not re-elected on Sunday, as country's 193% inflation rate is highest in the world",0
$100k but you have to listen to this every night for 1 month? ğŸ¤£,0
